<?xml version="1.0" encoding="UTF-8"?>
<?xml-stylesheet type="text/xsl" href="ipums-ddi-xslt.xsl"?>
<codeBook xmlns="ddi:codebook:2_5" xmlns:xsi="http://www.w3.org/2001/XMLSchema-instance" xsi:schemaLocation="ddi:codebook:2_5 http://www.ddialliance.org/Specification/DDI-Codebook/2.5/XMLSchema/codebook.xsd" version="2.5" ID="ddi2-156670_cps_00004.dat-cps.ipums.org">
  <docDscr>
    <citation>
      <titlStmt>
        <titl>Codebook for an IPUMS-CPS Data Extract</titl>
        <subTitl>DDI 2.5 metadata describing the extract file  'cps_00004.dat'</subTitl>
        <IDNo>ddi2-156670_cps_00004.dat-cps.ipums.org</IDNo>
      </titlStmt>
      <rspStmt>
        <AuthEnty affiliation="University of Minnesota">Minnesota Population Center</AuthEnty>
      </rspStmt>
      <prodStmt>
        <producer abbr="MPC" affiliation="University of Minnesota" role="Documentation">Minnesota Population Center</producer>
        <prodDate date="2020-05-30">May 30, 2020</prodDate>
        <prodPlac>Minnesota Population Center, 50 Willey Hall, 225 - 19th Avenue South, Minneapolis, MN 55455</prodPlac>
      </prodStmt>
      <distStmt>
        <contact affiliation="University of Minnesota" URI="http://pop.umn.edu">Minnesota Population Center</contact>
      </distStmt>
    </citation>
  </docDscr>
  <stdyDscr>
    <citation>
      <titlStmt>
        <titl>User Extract cps_00004.dat</titl>
      </titlStmt>
      <rspStmt>
        <AuthEnty affiliation="University of Minnesota">Minnesota Population Center</AuthEnty>
      </rspStmt>
      <prodStmt>
        <producer abbr="MPC" affiliation="University of Minnesota" role="Documentation">Minnesota Population Center</producer>
        <prodDate date="2020-05-30">May 30, 2020</prodDate>
        <prodPlac>Minnesota Population Center, 50 Willey Hall, 225 - 19th Avenue South, Minneapolis, MN 55455</prodPlac>
      </prodStmt>
      <distStmt>
        <contact affiliation="University of Minnesota" URI="http://pop.umn.edu">Minnesota Population Center</contact>
      </distStmt>
      <serStmt>
        <serName abbr="cps">IPUMS CPS</serName>
        <serInfo>DOI:10.18128/D030.V7.0</serInfo>
      </serStmt>
      <verStmt>
        <version date="2020-05-30"/>
      </verStmt>
    </citation>
    <stdyInfo>
      <subject>
        <topcClas vocab="IPUMS">Technical Variables -- HOUSEHOLD</topcClas>
        <topcClas vocab="IPUMS">Linking Variables -- HOUSEHOLD</topcClas>
        <topcClas vocab="IPUMS">Geographic Variables -- HOUSEHOLD</topcClas>
        <topcClas vocab="IPUMS">Technical Variables -- PERSON</topcClas>
        <topcClas vocab="IPUMS">Linking Variables -- PERSON</topcClas>
        <topcClas vocab="IPUMS">Demographics Variables -- PERSON</topcClas>
        <topcClas vocab="IPUMS">Work Variables -- PERSON</topcClas>
        <topcClas vocab="IPUMS">Education Variables -- PERSON</topcClas>
      </subject>
      <sumDscr ID="sdatref-2328">
        <timePrd event="single" date="1970-03">1970-03</timePrd>
        <nation abbr="us">United States</nation>
      </sumDscr>
      <sumDscr ID="sdatref-2329">
        <timePrd event="single" date="1971-03">1971-03</timePrd>
        <nation abbr="us">United States</nation>
      </sumDscr>
      <sumDscr ID="sdatref-2330">
        <timePrd event="single" date="1972-03">1972-03</timePrd>
        <nation abbr="us">United States</nation>
      </sumDscr>
      <sumDscr ID="sdatref-2331">
        <timePrd event="single" date="1973-03">1973-03</timePrd>
        <nation abbr="us">United States</nation>
      </sumDscr>
      <sumDscr ID="sdatref-2332">
        <timePrd event="single" date="1974-03">1974-03</timePrd>
        <nation abbr="us">United States</nation>
      </sumDscr>
      <sumDscr ID="sdatref-2333">
        <timePrd event="single" date="1975-03">1975-03</timePrd>
        <nation abbr="us">United States</nation>
      </sumDscr>
      <sumDscr ID="sdatref-2334">
        <timePrd event="single" date="1976-03">1976-03</timePrd>
        <nation abbr="us">United States</nation>
      </sumDscr>
      <sumDscr ID="sdatref-2335">
        <timePrd event="single" date="1977-03">1977-03</timePrd>
        <nation abbr="us">United States</nation>
      </sumDscr>
      <sumDscr ID="sdatref-2336">
        <timePrd event="single" date="1978-03">1978-03</timePrd>
        <nation abbr="us">United States</nation>
      </sumDscr>
      <sumDscr ID="sdatref-2337">
        <timePrd event="single" date="1979-03">1979-03</timePrd>
        <nation abbr="us">United States</nation>
      </sumDscr>
      <sumDscr ID="sdatref-2338">
        <timePrd event="single" date="1980-03">1980-03</timePrd>
        <nation abbr="us">United States</nation>
      </sumDscr>
      <sumDscr ID="sdatref-2339">
        <timePrd event="single" date="1981-03">1981-03</timePrd>
        <nation abbr="us">United States</nation>
      </sumDscr>
      <sumDscr ID="sdatref-2340">
        <timePrd event="single" date="1982-03">1982-03</timePrd>
        <nation abbr="us">United States</nation>
      </sumDscr>
      <sumDscr ID="sdatref-2341">
        <timePrd event="single" date="1983-03">1983-03</timePrd>
        <nation abbr="us">United States</nation>
      </sumDscr>
      <sumDscr ID="sdatref-2342">
        <timePrd event="single" date="1984-03">1984-03</timePrd>
        <nation abbr="us">United States</nation>
      </sumDscr>
      <sumDscr ID="sdatref-2343">
        <timePrd event="single" date="1985-03">1985-03</timePrd>
        <nation abbr="us">United States</nation>
      </sumDscr>
      <sumDscr ID="sdatref-2344">
        <timePrd event="single" date="1986-03">1986-03</timePrd>
        <nation abbr="us">United States</nation>
      </sumDscr>
      <sumDscr ID="sdatref-2345">
        <timePrd event="single" date="1987-03">1987-03</timePrd>
        <nation abbr="us">United States</nation>
      </sumDscr>
      <sumDscr ID="sdatref-2346">
        <timePrd event="single" date="1988-03">1988-03</timePrd>
        <nation abbr="us">United States</nation>
      </sumDscr>
      <sumDscr ID="sdatref-2347">
        <timePrd event="single" date="1989-03">1989-03</timePrd>
        <nation abbr="us">United States</nation>
      </sumDscr>
      <sumDscr ID="sdatref-2348">
        <timePrd event="single" date="1990-03">1990-03</timePrd>
        <nation abbr="us">United States</nation>
      </sumDscr>
      <sumDscr ID="sdatref-2349">
        <timePrd event="single" date="1991-03">1991-03</timePrd>
        <nation abbr="us">United States</nation>
      </sumDscr>
      <sumDscr ID="sdatref-2350">
        <timePrd event="single" date="1992-03">1992-03</timePrd>
        <nation abbr="us">United States</nation>
      </sumDscr>
      <sumDscr ID="sdatref-2351">
        <timePrd event="single" date="1993-03">1993-03</timePrd>
        <nation abbr="us">United States</nation>
      </sumDscr>
      <sumDscr ID="sdatref-2352">
        <timePrd event="single" date="1994-03">1994-03</timePrd>
        <nation abbr="us">United States</nation>
      </sumDscr>
      <sumDscr ID="sdatref-2353">
        <timePrd event="single" date="1995-03">1995-03</timePrd>
        <nation abbr="us">United States</nation>
      </sumDscr>
      <sumDscr ID="sdatref-2354">
        <timePrd event="single" date="1996-03">1996-03</timePrd>
        <nation abbr="us">United States</nation>
      </sumDscr>
      <sumDscr ID="sdatref-2355">
        <timePrd event="single" date="1997-03">1997-03</timePrd>
        <nation abbr="us">United States</nation>
      </sumDscr>
      <sumDscr ID="sdatref-2356">
        <timePrd event="single" date="1998-03">1998-03</timePrd>
        <nation abbr="us">United States</nation>
      </sumDscr>
      <sumDscr ID="sdatref-2357">
        <timePrd event="single" date="1999-03">1999-03</timePrd>
        <nation abbr="us">United States</nation>
      </sumDscr>
      <sumDscr ID="sdatref-2358">
        <timePrd event="single" date="2000-03">2000-03</timePrd>
        <nation abbr="us">United States</nation>
      </sumDscr>
      <sumDscr ID="sdatref-2359">
        <timePrd event="single" date="2001-03">2001-03</timePrd>
        <nation abbr="us">United States</nation>
      </sumDscr>
      <sumDscr ID="sdatref-2360">
        <timePrd event="single" date="2002-03">2002-03</timePrd>
        <nation abbr="us">United States</nation>
      </sumDscr>
      <sumDscr ID="sdatref-2361">
        <timePrd event="single" date="2003-03">2003-03</timePrd>
        <nation abbr="us">United States</nation>
      </sumDscr>
      <sumDscr ID="sdatref-2362">
        <timePrd event="single" date="2004-03">2004-03</timePrd>
        <nation abbr="us">United States</nation>
      </sumDscr>
      <sumDscr ID="sdatref-2363">
        <timePrd event="single" date="2005-03">2005-03</timePrd>
        <nation abbr="us">United States</nation>
      </sumDscr>
      <sumDscr ID="sdatref-2364">
        <timePrd event="single" date="2006-03">2006-03</timePrd>
        <nation abbr="us">United States</nation>
      </sumDscr>
      <sumDscr ID="sdatref-2367">
        <timePrd event="single" date="2007-03">2007-03</timePrd>
        <nation abbr="us">United States</nation>
      </sumDscr>
      <sumDscr ID="sdatref-2366">
        <timePrd event="single" date="2008-03">2008-03</timePrd>
        <nation abbr="us">United States</nation>
      </sumDscr>
      <sumDscr ID="sdatref-2368">
        <timePrd event="single" date="2009-03">2009-03</timePrd>
        <nation abbr="us">United States</nation>
      </sumDscr>
      <sumDscr ID="sdatref-2369">
        <timePrd event="single" date="2010-03">2010-03</timePrd>
        <nation abbr="us">United States</nation>
      </sumDscr>
      <sumDscr ID="sdatref-2467">
        <timePrd event="single" date="2011-03">2011-03</timePrd>
        <nation abbr="us">United States</nation>
      </sumDscr>
      <sumDscr ID="sdatref-2640">
        <timePrd event="single" date="2012-03">2012-03</timePrd>
        <nation abbr="us">United States</nation>
      </sumDscr>
      <sumDscr ID="sdatref-2656">
        <timePrd event="single" date="2013-03">2013-03</timePrd>
        <nation abbr="us">United States</nation>
      </sumDscr>
      <sumDscr ID="sdatref-2737">
        <timePrd event="single" date="2014-03">2014-03</timePrd>
        <nation abbr="us">United States</nation>
      </sumDscr>
      <sumDscr ID="sdatref-2899">
        <timePrd event="single" date="2015-03">2015-03</timePrd>
        <nation abbr="us">United States</nation>
      </sumDscr>
      <sumDscr ID="sdatref-2912">
        <timePrd event="single" date="2016-03">2016-03</timePrd>
        <nation abbr="us">United States</nation>
      </sumDscr>
      <sumDscr ID="sdatref-2936">
        <timePrd event="single" date="2017-03">2017-03</timePrd>
        <nation abbr="us">United States</nation>
      </sumDscr>
      <sumDscr ID="sdatref-2949">
        <timePrd event="single" date="2018-03">2018-03</timePrd>
        <nation abbr="us">United States</nation>
      </sumDscr>
      <sumDscr ID="sdatref-2951">
        <timePrd event="single" date="2018-09">2018-09</timePrd>
        <nation abbr="us">United States</nation>
      </sumDscr>
      <sumDscr ID="sdatref-2952">
        <timePrd event="single" date="2018-10">2018-10</timePrd>
        <nation abbr="us">United States</nation>
      </sumDscr>
      <sumDscr ID="sdatref-2953">
        <timePrd event="single" date="2018-11">2018-11</timePrd>
        <nation abbr="us">United States</nation>
      </sumDscr>
      <sumDscr ID="sdatref-2954">
        <timePrd event="single" date="2018-12">2018-12</timePrd>
        <nation abbr="us">United States</nation>
      </sumDscr>
      <sumDscr ID="sdatref-2955">
        <timePrd event="single" date="2019-01">2019-01</timePrd>
        <nation abbr="us">United States</nation>
      </sumDscr>
      <sumDscr ID="sdatref-2956">
        <timePrd event="single" date="2019-02">2019-02</timePrd>
        <nation abbr="us">United States</nation>
      </sumDscr>
      <sumDscr ID="sdatref-2957">
        <timePrd event="single" date="2019-03">2019-03</timePrd>
        <nation abbr="us">United States</nation>
      </sumDscr>
      <sumDscr ID="sdatref-2963">
        <timePrd event="single" date="2019-03">2019-03</timePrd>
        <nation abbr="us">United States</nation>
      </sumDscr>
      <sumDscr ID="sdatref-2958">
        <timePrd event="single" date="2019-04">2019-04</timePrd>
        <nation abbr="us">United States</nation>
      </sumDscr>
      <sumDscr ID="sdatref-2959">
        <timePrd event="single" date="2019-05">2019-05</timePrd>
        <nation abbr="us">United States</nation>
      </sumDscr>
      <sumDscr ID="sdatref-2961">
        <timePrd event="single" date="2019-06">2019-06</timePrd>
        <nation abbr="us">United States</nation>
      </sumDscr>
      <sumDscr ID="sdatref-2962">
        <timePrd event="single" date="2019-07">2019-07</timePrd>
        <nation abbr="us">United States</nation>
      </sumDscr>
      <sumDscr ID="sdatref-2964">
        <timePrd event="single" date="2019-08">2019-08</timePrd>
        <nation abbr="us">United States</nation>
      </sumDscr>
      <sumDscr ID="sdatref-2965">
        <timePrd event="single" date="2019-09">2019-09</timePrd>
        <nation abbr="us">United States</nation>
      </sumDscr>
      <sumDscr ID="sdatref-2966">
        <timePrd event="single" date="2019-10">2019-10</timePrd>
        <nation abbr="us">United States</nation>
      </sumDscr>
      <sumDscr ID="sdatref-2967">
        <timePrd event="single" date="2019-11">2019-11</timePrd>
        <nation abbr="us">United States</nation>
      </sumDscr>
      <sumDscr ID="sdatref-2968">
        <timePrd event="single" date="2019-12">2019-12</timePrd>
        <nation abbr="us">United States</nation>
      </sumDscr>
      <sumDscr ID="sdatref-2969">
        <timePrd event="single" date="2020-01">2020-01</timePrd>
        <nation abbr="us">United States</nation>
      </sumDscr>
      <sumDscr ID="sdatref-2970">
        <timePrd event="single" date="2020-02">2020-02</timePrd>
        <nation abbr="us">United States</nation>
      </sumDscr>
      <sumDscr ID="sdatref-2971">
        <timePrd event="single" date="2020-03">2020-03</timePrd>
        <nation abbr="us">United States</nation>
      </sumDscr>
      <sumDscr ID="sdatref-2972">
        <timePrd event="single" date="2020-04">2020-04</timePrd>
        <nation abbr="us">United States</nation>
      </sumDscr>
      <notes><![CDATA[Additional notes on a sample that is part of this study:  IPUMS-CPS, ASEC 1970; regular size
]]></notes>
      <notes><![CDATA[Additional notes on a sample that is part of this study:  IPUMS-CPS, ASEC 1971; regular size
]]></notes>
      <notes><![CDATA[Additional notes on a sample that is part of this study:  IPUMS-CPS, ASEC 1972; regular size
]]></notes>
      <notes><![CDATA[Additional notes on a sample that is part of this study:  IPUMS-CPS, ASEC 1973; regular size
]]></notes>
      <notes><![CDATA[Additional notes on a sample that is part of this study:  IPUMS-CPS, ASEC 1974; regular size
]]></notes>
      <notes><![CDATA[Additional notes on a sample that is part of this study:  IPUMS-CPS, ASEC 1975; regular size
]]></notes>
      <notes><![CDATA[Additional notes on a sample that is part of this study:  IPUMS-CPS, ASEC 1976; regular size
]]></notes>
      <notes><![CDATA[Additional notes on a sample that is part of this study:  IPUMS-CPS, ASEC 1977; regular size
]]></notes>
      <notes><![CDATA[Additional notes on a sample that is part of this study:  IPUMS-CPS, ASEC 1978; regular size
]]></notes>
      <notes><![CDATA[Additional notes on a sample that is part of this study:  IPUMS-CPS, ASEC 1979; regular size
]]></notes>
      <notes><![CDATA[Additional notes on a sample that is part of this study:  IPUMS-CPS, ASEC 1980; regular size
]]></notes>
      <notes><![CDATA[Additional notes on a sample that is part of this study:  IPUMS-CPS, ASEC 1981; regular size
]]></notes>
      <notes><![CDATA[Additional notes on a sample that is part of this study:  IPUMS-CPS, ASEC 1982; regular size
]]></notes>
      <notes><![CDATA[Additional notes on a sample that is part of this study:  IPUMS-CPS, ASEC 1983; regular size
]]></notes>
      <notes><![CDATA[Additional notes on a sample that is part of this study:  IPUMS-CPS, ASEC 1984; regular size
]]></notes>
      <notes><![CDATA[Additional notes on a sample that is part of this study:  IPUMS-CPS, ASEC 1985; regular size
]]></notes>
      <notes><![CDATA[Additional notes on a sample that is part of this study:  IPUMS-CPS, ASEC 1986; regular size
]]></notes>
      <notes><![CDATA[Additional notes on a sample that is part of this study:  IPUMS-CPS, ASEC 1987; regular size
]]></notes>
      <notes><![CDATA[Additional notes on a sample that is part of this study:  IPUMS-CPS, ASEC 1988; regular size
]]></notes>
      <notes><![CDATA[Additional notes on a sample that is part of this study:  IPUMS-CPS, ASEC 1989; regular size
]]></notes>
      <notes><![CDATA[Additional notes on a sample that is part of this study:  IPUMS-CPS, ASEC 1990; regular size
]]></notes>
      <notes><![CDATA[Additional notes on a sample that is part of this study:  IPUMS-CPS, ASEC 1991; regular size
]]></notes>
      <notes><![CDATA[Additional notes on a sample that is part of this study:  IPUMS-CPS, ASEC 1992; regular size
]]></notes>
      <notes><![CDATA[Additional notes on a sample that is part of this study:  IPUMS-CPS, ASEC 1993; regular size
]]></notes>
      <notes><![CDATA[Additional notes on a sample that is part of this study:  IPUMS-CPS, ASEC 1994; regular size
]]></notes>
      <notes><![CDATA[Additional notes on a sample that is part of this study:  IPUMS-CPS, ASEC 1995; regular size
]]></notes>
      <notes><![CDATA[Additional notes on a sample that is part of this study:  IPUMS-CPS, ASEC 1996; regular size
]]></notes>
      <notes><![CDATA[Additional notes on a sample that is part of this study:  IPUMS-CPS, ASEC 1997; regular size
]]></notes>
      <notes><![CDATA[Additional notes on a sample that is part of this study:  IPUMS-CPS, ASEC 1998; regular size
]]></notes>
      <notes><![CDATA[Additional notes on a sample that is part of this study:  IPUMS-CPS, ASEC 1999; regular size
]]></notes>
      <notes><![CDATA[Additional notes on a sample that is part of this study:  IPUMS-CPS, ASEC 2000; regular size
]]></notes>
      <notes><![CDATA[Additional notes on a sample that is part of this study:  IPUMS-CPS, ASEC 2001; regular size
]]></notes>
      <notes><![CDATA[Additional notes on a sample that is part of this study:  IPUMS-CPS, ASEC 2002; regular size
]]></notes>
      <notes><![CDATA[Additional notes on a sample that is part of this study:  IPUMS-CPS, ASEC 2003; regular size
]]></notes>
      <notes><![CDATA[Additional notes on a sample that is part of this study:  IPUMS-CPS, ASEC 2004; regular size
]]></notes>
      <notes><![CDATA[Additional notes on a sample that is part of this study:  IPUMS-CPS, ASEC 2005; regular size
]]></notes>
      <notes><![CDATA[Additional notes on a sample that is part of this study:  IPUMS-CPS, ASEC 2006; regular size
]]></notes>
      <notes><![CDATA[Additional notes on a sample that is part of this study:  IPUMS-CPS, ASEC 2007; regular size
]]></notes>
      <notes><![CDATA[Additional notes on a sample that is part of this study:  IPUMS-CPS, ASEC 2008; regular size
]]></notes>
      <notes><![CDATA[Additional notes on a sample that is part of this study:  IPUMS-CPS, ASEC 2009; regular size
]]></notes>
      <notes><![CDATA[Additional notes on a sample that is part of this study:  IPUMS-CPS, ASEC 2010; regular size
]]></notes>
      <notes><![CDATA[Additional notes on a sample that is part of this study:  IPUMS-CPS, ASEC 2011; regular size
]]></notes>
      <notes><![CDATA[Additional notes on a sample that is part of this study:  IPUMS-CPS, ASEC 2012; regular size
]]></notes>
      <notes><![CDATA[Additional notes on a sample that is part of this study:  IPUMS-CPS, ASEC 2013; regular size
]]></notes>
      <notes><![CDATA[Additional notes on a sample that is part of this study:  IPUMS-CPS, ASEC 2014; regular size
]]></notes>
      <notes><![CDATA[Additional notes on a sample that is part of this study:  IPUMS-CPS, ASEC 2015; regular size
]]></notes>
      <notes><![CDATA[Additional notes on a sample that is part of this study:  IPUMS-CPS, ASEC 2016; regular size
]]></notes>
      <notes><![CDATA[Additional notes on a sample that is part of this study:  IPUMS-CPS, ASEC 2017; regular size
]]></notes>
      <notes><![CDATA[Additional notes on a sample that is part of this study:  IPUMS-CPS, ASEC 2018; regular size
]]></notes>
      <notes><![CDATA[Additional notes on a sample that is part of this study:  IPUMS-CPS, September 2018; regular size
]]></notes>
      <notes><![CDATA[Additional notes on a sample that is part of this study:  IPUMS-CPS, October 2018; regular size
]]></notes>
      <notes><![CDATA[Additional notes on a sample that is part of this study:  IPUMS-CPS, November 2018; regular size
]]></notes>
      <notes><![CDATA[Additional notes on a sample that is part of this study:  IPUMS-CPS, December 2018; regular size
]]></notes>
      <notes><![CDATA[Additional notes on a sample that is part of this study:  IPUMS-CPS, January 2019; regular size
]]></notes>
      <notes><![CDATA[Additional notes on a sample that is part of this study:  IPUMS-CPS, February 2019; regular size
]]></notes>
      <notes><![CDATA[Additional notes on a sample that is part of this study:  IPUMS-CPS, March 2019; regular size
]]></notes>
      <notes><![CDATA[Additional notes on a sample that is part of this study:  IPUMS-CPS, ASEC 2019; regular size
]]></notes>
      <notes><![CDATA[Additional notes on a sample that is part of this study:  IPUMS-CPS, April 2019; regular size
]]></notes>
      <notes><![CDATA[Additional notes on a sample that is part of this study:  IPUMS-CPS, May 2019; regular size
]]></notes>
      <notes><![CDATA[Additional notes on a sample that is part of this study:  IPUMS-CPS, June 2019; regular size
]]></notes>
      <notes><![CDATA[Additional notes on a sample that is part of this study:  IPUMS-CPS, July 2019; regular size
]]></notes>
      <notes><![CDATA[Additional notes on a sample that is part of this study:  IPUMS-CPS, August 2019; regular size
]]></notes>
      <notes><![CDATA[Additional notes on a sample that is part of this study:  IPUMS-CPS, September 2019; regular size
]]></notes>
      <notes><![CDATA[Additional notes on a sample that is part of this study:  IPUMS-CPS, October 2019; regular size
]]></notes>
      <notes><![CDATA[Additional notes on a sample that is part of this study:  IPUMS-CPS, November 2019; regular size
]]></notes>
      <notes><![CDATA[Additional notes on a sample that is part of this study:  IPUMS-CPS, December 2019; regular size
]]></notes>
      <notes><![CDATA[Additional notes on a sample that is part of this study:  IPUMS-CPS, January 2020; regular size
]]></notes>
      <notes><![CDATA[Additional notes on a sample that is part of this study:  IPUMS-CPS, February 2020; regular size
]]></notes>
      <notes><![CDATA[Additional notes on a sample that is part of this study:  IPUMS-CPS, March 2020; regular size
]]></notes>
      <notes><![CDATA[Additional notes on a sample that is part of this study:  IPUMS-CPS, April 2020; regular size
]]></notes>
    </stdyInfo>
    <dataAccs>
      <useStmt>
        <confDec required="no"><![CDATA[None]]></confDec>
        <contact affiliation="Minnesota Population Center" URI="http://cps.ipums.org/">IPUMS-CPS</contact>
        <citReq><![CDATA[Publications and research reports based on the IPUMS-CPS database must cite it appropriately. The citation should include the following:

Sarah Flood,  Miriam King,  Renae Rodgers,  Steven Ruggles and J. Robert Warren. Integrated Public Use Microdata Series, Current Population Survey: Version 7.0 [dataset]. Minneapolis, MN: IPUMS, 2020. https://doi.org/10.18128/D030.V7.0

The licensing agreement for use of IPUMS-CPS data requires that users supply us with the title and full citation for any publications, research reports, or educational materials making use of the data or documentation. Please add your citation to the IPUMS bibliography: http://bibliography.ipums.org/]]></citReq>
        <conditions><![CDATA[Users of IPUMS-CPS data must agree to abide by the conditions of use. A user's license is valid for one year and may be renewed.  Users must agree to the following conditions:

(1) No fees may be charged for use or distribution of the data.  All persons are granted a limited license to use these data, but you may not charge a fee for the data if you distribute it to others.

(2) Cite IPUMS appropriately.  For information on proper citation,  refer to the citation requirement section of this DDI document.

(3) Tell us about any work you do using the IPUMS.  Publications, research  reports, or presentations making use of IPUMS-CPS should be added to our  Bibliography. Continued funding for the IPUMS depends on our ability to  show our sponsor agencies that researchers are using the data for productive  purposes.

(4) Use it for GOOD -- never for EVIL.]]></conditions>
        <disclaimer>The user of the data acknowledges that the original collector of the data, the authorized distributor of the data, and the relevant funding agency bear no responsibility for use of the data or for interpretations or inferences based upon such uses.</disclaimer>
      </useStmt>
    </dataAccs>
    <notes><![CDATA[User-provided description:  Revision of (Revision, adding necessary controls), adding part time/full time status]]></notes>
    <notes>This extract is a revision of the user's previous extract, number 3.</notes>
  </stdyDscr>
  <fileDscr ID="ExtractData">
    <fileTxt>
      <fileName>cps_00004.dat</fileName>
      <fileCont>Microdata records</fileCont>
      <fileStrc type="rectangular">
      </fileStrc>
      <fileType charset="ISO-8859-1">ISO-8859-1 data file</fileType>
      <format>fixed length fields</format>
      <filePlac>Minnesota Population Center, 50 Willey Hall, 225 - 19th Avenue South, Minneapolis, MN 55455</filePlac>
    </fileTxt>
  </fileDscr>
  <dataDscr>
    <var ID="YEAR" files="ExtractData" name="YEAR" intrvl="contin" dcml="0">
      <location StartPos="1" width="4" EndPos="4"/>
      <labl>Survey year</labl>
      <txt><![CDATA[YEAR reports the year in which the survey was conducted.  YEARP is repeated on person records.]]></txt>
      <codInstr><![CDATA[
YEAR is a 4-digit numeric value.]]></codInstr>
      <concept vocab="IPUMS">Technical Variables -- HOUSEHOLD</concept>
      <varFormat schema="other" type="numeric"/>
    </var>
    <var ID="SERIAL" files="ExtractData" name="SERIAL" intrvl="contin" dcml="0">
      <location StartPos="5" width="5" EndPos="9"/>
      <labl>Household serial number</labl>
      <txt><![CDATA[SERIAL is an identifying number unique to each household in a given survey month and year.  All person records are assigned the same serial number as the household record they follow.  A combination of YEAR, MONTH, and SERIAL provides a within-sample unique identifier for every household in IPUMS-CPS; YEAR, SERIAL, and PERNUM uniquely identify every person in the database within sample.

SERIAL is a new value generated for IPUMS-CPS and should not be confused with the household serial number created by the Census Bureau and included in the original CPS data.]]></txt>
      <codInstr><![CDATA[
SERIAL is a 5-digit numeric variable.]]></codInstr>
      <concept vocab="IPUMS">Technical Variables -- HOUSEHOLD</concept>
      <varFormat schema="other" type="numeric"/>
    </var>
    <var ID="MONTH" files="ExtractData" name="MONTH" intrvl="discrete" dcml="0">
      <location StartPos="10" width="2" EndPos="11"/>
      <labl>Month</labl>
      <txt><![CDATA[MONTH indicates the calendar month of the CPS interview.]]></txt>
      <catgry>
        <catValu>01</catValu>
        <labl>January</labl>
      </catgry>
      <catgry>
        <catValu>02</catValu>
        <labl>February</labl>
      </catgry>
      <catgry>
        <catValu>03</catValu>
        <labl>March</labl>
      </catgry>
      <catgry>
        <catValu>04</catValu>
        <labl>April</labl>
      </catgry>
      <catgry>
        <catValu>05</catValu>
        <labl>May</labl>
      </catgry>
      <catgry>
        <catValu>06</catValu>
        <labl>June</labl>
      </catgry>
      <catgry>
        <catValu>07</catValu>
        <labl>July</labl>
      </catgry>
      <catgry>
        <catValu>08</catValu>
        <labl>August</labl>
      </catgry>
      <catgry>
        <catValu>09</catValu>
        <labl>September</labl>
      </catgry>
      <catgry>
        <catValu>10</catValu>
        <labl>October</labl>
      </catgry>
      <catgry>
        <catValu>11</catValu>
        <labl>November</labl>
      </catgry>
      <catgry>
        <catValu>12</catValu>
        <labl>December</labl>
      </catgry>
      <concept vocab="IPUMS">Technical Variables -- HOUSEHOLD</concept>
      <varFormat schema="other" type="numeric"/>
    </var>
    <var ID="HWTFINL" files="ExtractData" name="HWTFINL" intrvl="contin" dcml="4">
      <location StartPos="12" width="10" EndPos="21"/>
      <labl>Household weight, Basic Monthly</labl>
      <txt><![CDATA[HWTFINL is a household-level weight that should be used to generate statistics about households. The CPS uses a complex stratified sampling scheme, and HWTFINL must be used to produce unbiased household-level statistics from IPUMS-CPS basic monthly samples. For analyses of March Annual Social and Economic (ASEC) data, researchers should use HWTSUPP. For individual-level analyses, researchers should use WTFINL, WTSUPP, or EARNWT. 

HWTFINL generally has the same value as WTFINL for the household head or reference person. Vacant housing units and households that could not be interviewed due to residents' absence or refusal to participate have a value of zero in HWTFINL; such sampled units were included in the public use CPS data beginning in 1988.]]></txt>
      <codInstr><![CDATA[
HWTFINL is a 10-digit numeric variable.]]></codInstr>
      <concept vocab="IPUMS">Technical Variables -- HOUSEHOLD</concept>
      <varFormat schema="other" type="numeric"/>
    </var>
    <var ID="CPSID" files="ExtractData" name="CPSID" intrvl="contin" dcml="0">
      <location StartPos="22" width="14" EndPos="35"/>
      <labl>CPSID, household record</labl>
      <txt><![CDATA[CPSID is an IPUMS-CPS defined variable that uniquely identifies households across CPS samples. The first six digits of CPSID index the four-digit year and two-digit month that the household was first in the CPS. CPSID allows users to link a household record across samples, based on the 4-8-4 rotation pattern, by assigning a unique CPSID value based on a combination of household identifiers. CPSID will only ever appear for a maximum of 8 times, which is the number of times a household may be observed in the CPS survey (as indexed by MIS). In some cases, a household will appear fewer than 8 times due to migration, mortality, non-response, and recording errors. CPSID Extensive documentation about the creation of CPSID is available elsewhere [URL omitted from DDI.].

CPSID may also be used to link ASEC respondents who are in the March Basic Monthly file to other months of CPS data. This linking is made possible by IPUMS through the creation of MARBASECIDP. Users should note that ASEC oversample households (as indicated by ASECOVERH) will always have a CPSID value of 0.

Users may also want to see CPSIDP for more information about linking individuals across time using a person-specific version of CPSID.]]></txt>
      <codInstr><![CDATA[
CPSID is a 14-digit numeric variable.]]></codInstr>
      <concept vocab="IPUMS">Linking Variables -- HOUSEHOLD</concept>
      <varFormat schema="other" type="numeric"/>
    </var>
    <var ID="ASECFLAG" files="ExtractData" name="ASECFLAG" intrvl="discrete" dcml="0">
      <location StartPos="36" width="1" EndPos="36"/>
      <labl>Flag for ASEC</labl>
      <txt><![CDATA[ASECFLAG indicates whether the respondent is part of the ASEC or the March Basic. This variable is useful for users who wish to distinguish ASEC and March Basic files in their extracts. See further information [URL omitted from DDI.] about the ASEC versus the March Basic Monthly Files.]]></txt>
      <catgry>
        <catValu>1</catValu>
        <labl>ASEC</labl>
      </catgry>
      <catgry>
        <catValu>2</catValu>
        <labl>March Basic</labl>
      </catgry>
      <concept vocab="IPUMS">Technical Variables -- HOUSEHOLD</concept>
      <varFormat schema="other" type="numeric"/>
    </var>
    <var ID="HFLAG" files="ExtractData" name="HFLAG" intrvl="discrete" dcml="0">
      <location StartPos="37" width="1" EndPos="37"/>
      <labl>Flag for the 3/8 file 2014</labl>
      <txt><![CDATA[HFLAG indicates whether the respondent is part of the 3/8 redesign in the 2014 ASEC sample. This variable is useful for users who wish to analyze income and SPM variables in the 2014 ASEC sample. See further information [URL omitted from DDI.] about the 2014 survey redesign.]]></txt>
      <catgry>
        <catValu>0</catValu>
        <labl>5/8 file</labl>
      </catgry>
      <catgry>
        <catValu>1</catValu>
        <labl>3/8 file</labl>
      </catgry>
      <concept vocab="IPUMS">Technical Variables -- HOUSEHOLD</concept>
      <varFormat schema="other" type="numeric"/>
    </var>
    <var ID="ASECWTH" files="ExtractData" name="ASECWTH" intrvl="contin" dcml="4">
      <location StartPos="38" width="10" EndPos="47"/>
      <labl>Annual Social and Economic Supplement Household weight</labl>
      <txt><![CDATA[ASECWTH is a household-level weight that should be used to generate statistics about households in March Annual Social and Economic (ASEC) Supplement data. The CPS uses a complex stratified sampling scheme, and ASECWTH must be used to produce unbiased household-level statistics from the IPUMS-CPS ASEC data. For analyses of non-ASEC data, researchers should use HWTFINL. For individual-level analyses, researchers should use WTFINL,  ASECWT, or EARNWT. 

ASECWTH generally has the same value as WTSUPP for the household head or reference person. Vacant housing units and households that could not be interviewed due to residents' absence or refusal to participate have a value of zero in HWTSUPP; such sampled units were included in the public use CPS data beginning in 1988. 

Estimates on the entire population are prepared by projecting forward the resident population from the last available census. These projections are derived by updating the demographic census data from a number of other data sources that account for death, births and net migration. About 3 years after every census (i.e. 2003 for the 2000 Census and 2013 for the 2010 Census), the Census Bureau updates its independent population control and provides a new weight for the relevant years.

Two important points should be noted here. First, the lag between when the Census is conducted and when the CPS weights are updated is about 3 years. While the Census data are being processed, the CPS files are made available using the weighting scheme from the US Census prior to the latest Census. Second, once the files are updated, the old weights become obsolete and are replaced in the IPUMS data extract system. Published estimates from the lag years that use the old weights are not always updated. For example, 2010 poverty estimates were released in ASEC using the 2000 population controls. Once the 2010 population controls were made available, IPUMS-CPS replaced the ASEC 2010, 2011, and 2012 weights that are based on the 2000 population control with weights that are based on the 2010 population controls.

IPUMS-CPS makes available only the most up-to-date weights. The old values are available here: Old SPM and Weights Values [URL omitted from DDI.].]]></txt>
      <codInstr><![CDATA[
ASECWTH is a 10-digit numeric variable with four implied decimals.  That is, 1234567890 should be interpreted as 123456.7890.  The IPUMS command files automatically divide ASECWTH by 10,000, so no further adjustment is needed.]]></codInstr>
      <concept vocab="IPUMS">Technical Variables -- HOUSEHOLD</concept>
      <varFormat schema="other" type="numeric"/>
    </var>
    <var ID="STATEFIP" files="ExtractData" name="STATEFIP" intrvl="discrete" dcml="0">
      <location StartPos="48" width="2" EndPos="49"/>
      <labl>State (FIPS code)</labl>
      <txt><![CDATA[STATEFIP identifies the household's state of residence, using the Federal Information Processing Standards (FIPS) coding scheme, which orders the states alphabetically.

In 1973-1975 ASEC samples, all households in the Anaheim-Santa Ana-Garden Grove, CA METAREA are coded as Michigan-Wisconsin for STATEFIP in the original data. As there is insufficient geographic information in the public use data to determine which variable is in error, this mistake has been left un-recoded.]]></txt>
      <catgry>
        <catValu>01</catValu>
        <labl>Alabama</labl>
      </catgry>
      <catgry>
        <catValu>02</catValu>
        <labl>Alaska</labl>
      </catgry>
      <catgry>
        <catValu>04</catValu>
        <labl>Arizona</labl>
      </catgry>
      <catgry>
        <catValu>05</catValu>
        <labl>Arkansas</labl>
      </catgry>
      <catgry>
        <catValu>06</catValu>
        <labl>California</labl>
      </catgry>
      <catgry>
        <catValu>08</catValu>
        <labl>Colorado</labl>
      </catgry>
      <catgry>
        <catValu>09</catValu>
        <labl>Connecticut</labl>
      </catgry>
      <catgry>
        <catValu>10</catValu>
        <labl>Delaware</labl>
      </catgry>
      <catgry>
        <catValu>11</catValu>
        <labl>District of Columbia</labl>
      </catgry>
      <catgry>
        <catValu>12</catValu>
        <labl>Florida</labl>
      </catgry>
      <catgry>
        <catValu>13</catValu>
        <labl>Georgia</labl>
      </catgry>
      <catgry>
        <catValu>15</catValu>
        <labl>Hawaii</labl>
      </catgry>
      <catgry>
        <catValu>16</catValu>
        <labl>Idaho</labl>
      </catgry>
      <catgry>
        <catValu>17</catValu>
        <labl>Illinois</labl>
      </catgry>
      <catgry>
        <catValu>18</catValu>
        <labl>Indiana</labl>
      </catgry>
      <catgry>
        <catValu>19</catValu>
        <labl>Iowa</labl>
      </catgry>
      <catgry>
        <catValu>20</catValu>
        <labl>Kansas</labl>
      </catgry>
      <catgry>
        <catValu>21</catValu>
        <labl>Kentucky</labl>
      </catgry>
      <catgry>
        <catValu>22</catValu>
        <labl>Louisiana</labl>
      </catgry>
      <catgry>
        <catValu>23</catValu>
        <labl>Maine</labl>
      </catgry>
      <catgry>
        <catValu>24</catValu>
        <labl>Maryland</labl>
      </catgry>
      <catgry>
        <catValu>25</catValu>
        <labl>Massachusetts</labl>
      </catgry>
      <catgry>
        <catValu>26</catValu>
        <labl>Michigan</labl>
      </catgry>
      <catgry>
        <catValu>27</catValu>
        <labl>Minnesota</labl>
      </catgry>
      <catgry>
        <catValu>28</catValu>
        <labl>Mississippi</labl>
      </catgry>
      <catgry>
        <catValu>29</catValu>
        <labl>Missouri</labl>
      </catgry>
      <catgry>
        <catValu>30</catValu>
        <labl>Montana</labl>
      </catgry>
      <catgry>
        <catValu>31</catValu>
        <labl>Nebraska</labl>
      </catgry>
      <catgry>
        <catValu>32</catValu>
        <labl>Nevada</labl>
      </catgry>
      <catgry>
        <catValu>33</catValu>
        <labl>New Hampshire</labl>
      </catgry>
      <catgry>
        <catValu>34</catValu>
        <labl>New Jersey</labl>
      </catgry>
      <catgry>
        <catValu>35</catValu>
        <labl>New Mexico</labl>
      </catgry>
      <catgry>
        <catValu>36</catValu>
        <labl>New York</labl>
      </catgry>
      <catgry>
        <catValu>37</catValu>
        <labl>North Carolina</labl>
      </catgry>
      <catgry>
        <catValu>38</catValu>
        <labl>North Dakota</labl>
      </catgry>
      <catgry>
        <catValu>39</catValu>
        <labl>Ohio</labl>
      </catgry>
      <catgry>
        <catValu>40</catValu>
        <labl>Oklahoma</labl>
      </catgry>
      <catgry>
        <catValu>41</catValu>
        <labl>Oregon</labl>
      </catgry>
      <catgry>
        <catValu>42</catValu>
        <labl>Pennsylvania</labl>
      </catgry>
      <catgry>
        <catValu>44</catValu>
        <labl>Rhode Island</labl>
      </catgry>
      <catgry>
        <catValu>45</catValu>
        <labl>South Carolina</labl>
      </catgry>
      <catgry>
        <catValu>46</catValu>
        <labl>South Dakota</labl>
      </catgry>
      <catgry>
        <catValu>47</catValu>
        <labl>Tennessee</labl>
      </catgry>
      <catgry>
        <catValu>48</catValu>
        <labl>Texas</labl>
      </catgry>
      <catgry>
        <catValu>49</catValu>
        <labl>Utah</labl>
      </catgry>
      <catgry>
        <catValu>50</catValu>
        <labl>Vermont</labl>
      </catgry>
      <catgry>
        <catValu>51</catValu>
        <labl>Virginia</labl>
      </catgry>
      <catgry>
        <catValu>53</catValu>
        <labl>Washington</labl>
      </catgry>
      <catgry>
        <catValu>54</catValu>
        <labl>West Virginia</labl>
      </catgry>
      <catgry>
        <catValu>55</catValu>
        <labl>Wisconsin</labl>
      </catgry>
      <catgry>
        <catValu>56</catValu>
        <labl>Wyoming</labl>
      </catgry>
      <catgry>
        <catValu>61</catValu>
        <labl>Maine-New Hampshire-Vermont</labl>
      </catgry>
      <catgry>
        <catValu>65</catValu>
        <labl>Montana-Idaho-Wyoming</labl>
      </catgry>
      <catgry>
        <catValu>68</catValu>
        <labl>Alaska-Hawaii</labl>
      </catgry>
      <catgry>
        <catValu>69</catValu>
        <labl>Nebraska-North Dakota-South Dakota</labl>
      </catgry>
      <catgry>
        <catValu>70</catValu>
        <labl>Maine-Massachusetts-New Hampshire-Rhode Island-Vermont</labl>
      </catgry>
      <catgry>
        <catValu>71</catValu>
        <labl>Michigan-Wisconsin</labl>
      </catgry>
      <catgry>
        <catValu>72</catValu>
        <labl>Minnesota-Iowa</labl>
      </catgry>
      <catgry>
        <catValu>73</catValu>
        <labl>Nebraska-North Dakota-South Dakota-Kansas</labl>
      </catgry>
      <catgry>
        <catValu>74</catValu>
        <labl>Delaware-Virginia</labl>
      </catgry>
      <catgry>
        <catValu>75</catValu>
        <labl>North Carolina-South Carolina</labl>
      </catgry>
      <catgry>
        <catValu>76</catValu>
        <labl>Alabama-Mississippi</labl>
      </catgry>
      <catgry>
        <catValu>77</catValu>
        <labl>Arkansas-Oklahoma</labl>
      </catgry>
      <catgry>
        <catValu>78</catValu>
        <labl>Arizona-New Mexico-Colorado</labl>
      </catgry>
      <catgry>
        <catValu>79</catValu>
        <labl>Idaho-Wyoming-Utah-Montana-Nevada</labl>
      </catgry>
      <catgry>
        <catValu>80</catValu>
        <labl>Alaska-Washington-Hawaii</labl>
      </catgry>
      <catgry>
        <catValu>81</catValu>
        <labl>New Hampshire-Maine-Vermont-Rhode Island</labl>
      </catgry>
      <catgry>
        <catValu>83</catValu>
        <labl>South Carolina-Georgia</labl>
      </catgry>
      <catgry>
        <catValu>84</catValu>
        <labl>Kentucky-Tennessee</labl>
      </catgry>
      <catgry>
        <catValu>85</catValu>
        <labl>Arkansas-Louisiana-Oklahoma</labl>
      </catgry>
      <catgry>
        <catValu>87</catValu>
        <labl>Iowa-N Dakota-S Dakota-Nebraska-Kansas-Minnesota-Missouri</labl>
      </catgry>
      <catgry>
        <catValu>88</catValu>
        <labl>Washington-Oregon-Alaska-Hawaii</labl>
      </catgry>
      <catgry>
        <catValu>89</catValu>
        <labl>Montana-Wyoming-Colorado-New Mexico-Utah-Nevada-Arizona</labl>
      </catgry>
      <catgry>
        <catValu>90</catValu>
        <labl>Delaware-Maryland-Virginia-West Virginia</labl>
      </catgry>
      <catgry>
        <catValu>99</catValu>
        <labl>State not identified</labl>
      </catgry>
      <concept vocab="IPUMS">Geographic Variables -- HOUSEHOLD</concept>
      <varFormat schema="other" type="numeric"/>
    </var>
    <var ID="PERNUM" files="ExtractData" name="PERNUM" intrvl="contin" dcml="0">
      <location StartPos="50" width="2" EndPos="51"/>
      <labl>Person number in sample unit</labl>
      <txt><![CDATA[PERNUM numbers all persons within each household consecutively (starting with "1") in the order in which they are listed in the original CPS data.  When combined with YEAR , MONTH, and SERIAL, PERNUM uniquely identifies each person within IPUMS-CPS samples, though not across IPUMS-CPS samples.]]></txt>
      <codInstr><![CDATA[
PERNUM is a 2-digit numeric variable.]]></codInstr>
      <concept vocab="IPUMS">Technical Variables -- PERSON</concept>
      <varFormat schema="other" type="numeric"/>
    </var>
    <var ID="WTFINL" files="ExtractData" name="WTFINL" intrvl="contin" dcml="4">
      <location StartPos="52" width="14" EndPos="65"/>
      <labl>Final Basic Weight</labl>
      <txt><![CDATA[WTFINL is the final person-level weight that should be used in analyses of basic monthly data. 

When analyzing ASEC data, researchers should use the person weight WTSUPP. For analyses including the variables EARNWEEK, HOURWAGE, PAIDHOUR, and UNION, researchers should use the EARNWT variable. 

WTFINL is the second stage weight in CPS (see technical documentation [URL omitted from DDI.]). It is based on the inverse probability of selection into the sample and adjustments for the following factors: failure to obtain an interview; sampling within large sample units; adjustments to the known distribution of the entire population according to stage, age, sex, race, and Hispanic ethnicity; and allotting a weight of zero to populations not sampled in other monthly surveys (i.e., persons in the Hispanic oversample and members of the armed forces in ASEC samples).]]></txt>
      <codInstr><![CDATA[
WTFINL is a 14-digit numeric variable with four implied decimals.  That is, 12345678901234 should be interpreted as 1234567890.1234.  The IPUMS command files automatically make the necessary adjustment, so no further adjustment is needed.]]></codInstr>
      <concept vocab="IPUMS">Technical Variables -- PERSON</concept>
      <varFormat schema="other" type="numeric"/>
    </var>
    <var ID="CPSIDP" files="ExtractData" name="CPSIDP" intrvl="contin" dcml="0">
      <location StartPos="66" width="14" EndPos="79"/>
      <labl>CPSID, person record</labl>
      <txt><![CDATA[CPSIDP is an IPUMS-CPS defined variable that uniquely identifies individuals across CPS samples. The first six digits of CPSIDP index the four-digit year and two-digit month that the household was first in the CPS. CPSIDP allows users to link a respondent appearing with a designated household roster line number (LINENO) across samples, based on the 4-8-4 rotation pattern, by assigning a unique CPSIDP value to this line number. CPSIDP will only ever appear for a maximum of 8 times, which is the number of times a household may be observed in the CPS survey (as indexed by MISH). In some cases, individuals will appear fewer than 8 times due to migration, mortality, non-response, and recording errors. Extensive documentation about the creation of CPSIDP is available elsewhere [URL omitted from DDI.].

Users should note that it is important to verify CPSIDP linkages with AGE, SEX, and RACE. In some cases CPSIDP will result in erroneous links, which are due to errors in the source data. Cases with the same CPSIDP value may also have inconsistent responses across samples due to errors on the part of the respondent or in recording the response. Ultimately, it is up to the individual researcher to determine the acceptability of the linkages made using CPSIDP. 

CPSIDP may also be used to link ASEC respondents who are in the March Basic Monthly file to other months of CPS data. This linking is made possible by IPUMS through the creation of MARBASECIDP. 

To get started using CPSIDP, users may want to sort their data file by CPSIDP and MISH to create a person-time file. 

Users should take care when including the March Basic or ASEC as part of their linking. Respondents who are part of the ASEC oversample (as indicated by ASECOVERP) have a CPSIDP value of 0. For further information about the relationship between the March Basic and the ASEC, please see our additional documentation [URL omitted from DDI.].]]></txt>
      <codInstr><![CDATA[
CPSIDP is a 14-digit numeric variable.]]></codInstr>
      <concept vocab="IPUMS">Linking Variables -- PERSON</concept>
      <varFormat schema="other" type="numeric"/>
    </var>
    <var ID="ASECWT" files="ExtractData" name="ASECWT" intrvl="contin" dcml="4">
      <location StartPos="80" width="10" EndPos="89"/>
      <labl>Annual Social and Economic Supplement Weight</labl>
      <txt><![CDATA[ASECWT is a person-level weight that should be used in analyses of individual-level CPS supplement data. Since the CPS relies on a complex stratified sampling scheme, it is essential to use one of the provided weighting variables.

Researchers should use WTFINL rather than ASECWT when they wish to conduct person-level analyses of non-ASEC data. EARNWT should be used for any analysis including a small number of person-level variables (EARNWEEK, HOURWAGE, PAIDHOUR, and UNION). Researchers should use  ASECWTH for household-level analyses.

User Caution: For analyses that include the 2014 ASEC sample, please see the comparability tab.

The ASEC CPS files include two groups of people who are not included in the production of published labor force statistics: (1) members of the armed services, and (2) members of the Hispanic oversample who were interviewed in months other than March. WTFINL and EARNWT assign these groups a value of 0. Both groups are assigned non-zero values in ASECWT.

ASECWT is based on the inverse probability of selection into the sample and adjustments for the following factors: failure to obtain an interview; sampling within large sample units; the known distribution of the entire population according to age, sex, and race; over-sampling Hispanic persons; to give husbands and wives the same weight; and an additional step to provide consistency with labor force estimates from the basic survey. 

Estimates on the entire population are prepared by projecting forward the resident population from the last available census. These projections are derived by updating the demographic census data from a number of other data sources that account for death, births and net migration. About 3 years after every census (i.e. 2003 for the 2000 Census and 2013 for the 2010 Census), the Census Bureau updates its independent population control and provides a new weight for the relevant years.

Two important points should be noted here. First, the lag between when the Census is conducted and when the CPS weights are updated is about 3 years. While the Census data are being processed, the CPS files are made available using the weighting scheme from the US Census prior to the latest Census. Second, once the files are updated, the old weights become obsolete and are replaced in the IPUMS data extract system. Published estimates from the lag years that use the old weights are not always updated. For example, 2010 poverty estimates were released in ASEC using the 2000 population controls. Once the 2010 population controls were made available, IPUMS-CPS replaced the ASEC 2010, 2011, and 2012 weights that are based on the 2000 population control with weights that are based on the 2010 population controls. IPUMS-CPS makes available only the most up-to-date weights.]]></txt>
      <codInstr><![CDATA[
ASECWT is a 10-digit numeric variable with four implied decimal places. That is, values of 0012345600 should be interpreted as 1,234.56.  The IPUMS command files automatically divide ASECWT by 10,000, so no further adjustment is needed.]]></codInstr>
      <concept vocab="IPUMS">Technical Variables -- PERSON</concept>
      <varFormat schema="other" type="numeric"/>
    </var>
    <var ID="AGE" files="ExtractData" name="AGE" intrvl="discrete" dcml="0">
      <location StartPos="90" width="2" EndPos="91"/>
      <labl>Age</labl>
      <txt><![CDATA[Age gives each person's age at last birthday.]]></txt>
      <catgry>
        <catValu>00</catValu>
        <labl>Under 1 year</labl>
      </catgry>
      <catgry>
        <catValu>01</catValu>
        <labl>1</labl>
      </catgry>
      <catgry>
        <catValu>02</catValu>
        <labl>2</labl>
      </catgry>
      <catgry>
        <catValu>03</catValu>
        <labl>3</labl>
      </catgry>
      <catgry>
        <catValu>04</catValu>
        <labl>4</labl>
      </catgry>
      <catgry>
        <catValu>05</catValu>
        <labl>5</labl>
      </catgry>
      <catgry>
        <catValu>06</catValu>
        <labl>6</labl>
      </catgry>
      <catgry>
        <catValu>07</catValu>
        <labl>7</labl>
      </catgry>
      <catgry>
        <catValu>08</catValu>
        <labl>8</labl>
      </catgry>
      <catgry>
        <catValu>09</catValu>
        <labl>9</labl>
      </catgry>
      <catgry>
        <catValu>10</catValu>
        <labl>10</labl>
      </catgry>
      <catgry>
        <catValu>11</catValu>
        <labl>11</labl>
      </catgry>
      <catgry>
        <catValu>12</catValu>
        <labl>12</labl>
      </catgry>
      <catgry>
        <catValu>13</catValu>
        <labl>13</labl>
      </catgry>
      <catgry>
        <catValu>14</catValu>
        <labl>14</labl>
      </catgry>
      <catgry>
        <catValu>15</catValu>
        <labl>15</labl>
      </catgry>
      <catgry>
        <catValu>16</catValu>
        <labl>16</labl>
      </catgry>
      <catgry>
        <catValu>17</catValu>
        <labl>17</labl>
      </catgry>
      <catgry>
        <catValu>18</catValu>
        <labl>18</labl>
      </catgry>
      <catgry>
        <catValu>19</catValu>
        <labl>19</labl>
      </catgry>
      <catgry>
        <catValu>20</catValu>
        <labl>20</labl>
      </catgry>
      <catgry>
        <catValu>21</catValu>
        <labl>21</labl>
      </catgry>
      <catgry>
        <catValu>22</catValu>
        <labl>22</labl>
      </catgry>
      <catgry>
        <catValu>23</catValu>
        <labl>23</labl>
      </catgry>
      <catgry>
        <catValu>24</catValu>
        <labl>24</labl>
      </catgry>
      <catgry>
        <catValu>25</catValu>
        <labl>25</labl>
      </catgry>
      <catgry>
        <catValu>26</catValu>
        <labl>26</labl>
      </catgry>
      <catgry>
        <catValu>27</catValu>
        <labl>27</labl>
      </catgry>
      <catgry>
        <catValu>28</catValu>
        <labl>28</labl>
      </catgry>
      <catgry>
        <catValu>29</catValu>
        <labl>29</labl>
      </catgry>
      <catgry>
        <catValu>30</catValu>
        <labl>30</labl>
      </catgry>
      <catgry>
        <catValu>31</catValu>
        <labl>31</labl>
      </catgry>
      <catgry>
        <catValu>32</catValu>
        <labl>32</labl>
      </catgry>
      <catgry>
        <catValu>33</catValu>
        <labl>33</labl>
      </catgry>
      <catgry>
        <catValu>34</catValu>
        <labl>34</labl>
      </catgry>
      <catgry>
        <catValu>35</catValu>
        <labl>35</labl>
      </catgry>
      <catgry>
        <catValu>36</catValu>
        <labl>36</labl>
      </catgry>
      <catgry>
        <catValu>37</catValu>
        <labl>37</labl>
      </catgry>
      <catgry>
        <catValu>38</catValu>
        <labl>38</labl>
      </catgry>
      <catgry>
        <catValu>39</catValu>
        <labl>39</labl>
      </catgry>
      <catgry>
        <catValu>40</catValu>
        <labl>40</labl>
      </catgry>
      <catgry>
        <catValu>41</catValu>
        <labl>41</labl>
      </catgry>
      <catgry>
        <catValu>42</catValu>
        <labl>42</labl>
      </catgry>
      <catgry>
        <catValu>43</catValu>
        <labl>43</labl>
      </catgry>
      <catgry>
        <catValu>44</catValu>
        <labl>44</labl>
      </catgry>
      <catgry>
        <catValu>45</catValu>
        <labl>45</labl>
      </catgry>
      <catgry>
        <catValu>46</catValu>
        <labl>46</labl>
      </catgry>
      <catgry>
        <catValu>47</catValu>
        <labl>47</labl>
      </catgry>
      <catgry>
        <catValu>48</catValu>
        <labl>48</labl>
      </catgry>
      <catgry>
        <catValu>49</catValu>
        <labl>49</labl>
      </catgry>
      <catgry>
        <catValu>50</catValu>
        <labl>50</labl>
      </catgry>
      <catgry>
        <catValu>51</catValu>
        <labl>51</labl>
      </catgry>
      <catgry>
        <catValu>52</catValu>
        <labl>52</labl>
      </catgry>
      <catgry>
        <catValu>53</catValu>
        <labl>53</labl>
      </catgry>
      <catgry>
        <catValu>54</catValu>
        <labl>54</labl>
      </catgry>
      <catgry>
        <catValu>55</catValu>
        <labl>55</labl>
      </catgry>
      <catgry>
        <catValu>56</catValu>
        <labl>56</labl>
      </catgry>
      <catgry>
        <catValu>57</catValu>
        <labl>57</labl>
      </catgry>
      <catgry>
        <catValu>58</catValu>
        <labl>58</labl>
      </catgry>
      <catgry>
        <catValu>59</catValu>
        <labl>59</labl>
      </catgry>
      <catgry>
        <catValu>60</catValu>
        <labl>60</labl>
      </catgry>
      <catgry>
        <catValu>61</catValu>
        <labl>61</labl>
      </catgry>
      <catgry>
        <catValu>62</catValu>
        <labl>62</labl>
      </catgry>
      <catgry>
        <catValu>63</catValu>
        <labl>63</labl>
      </catgry>
      <catgry>
        <catValu>64</catValu>
        <labl>64</labl>
      </catgry>
      <catgry>
        <catValu>65</catValu>
        <labl>65</labl>
      </catgry>
      <catgry>
        <catValu>66</catValu>
        <labl>66</labl>
      </catgry>
      <catgry>
        <catValu>67</catValu>
        <labl>67</labl>
      </catgry>
      <catgry>
        <catValu>68</catValu>
        <labl>68</labl>
      </catgry>
      <catgry>
        <catValu>69</catValu>
        <labl>69</labl>
      </catgry>
      <catgry>
        <catValu>70</catValu>
        <labl>70</labl>
      </catgry>
      <catgry>
        <catValu>71</catValu>
        <labl>71</labl>
      </catgry>
      <catgry>
        <catValu>72</catValu>
        <labl>72</labl>
      </catgry>
      <catgry>
        <catValu>73</catValu>
        <labl>73</labl>
      </catgry>
      <catgry>
        <catValu>74</catValu>
        <labl>74</labl>
      </catgry>
      <catgry>
        <catValu>75</catValu>
        <labl>75</labl>
      </catgry>
      <catgry>
        <catValu>76</catValu>
        <labl>76</labl>
      </catgry>
      <catgry>
        <catValu>77</catValu>
        <labl>77</labl>
      </catgry>
      <catgry>
        <catValu>78</catValu>
        <labl>78</labl>
      </catgry>
      <catgry>
        <catValu>79</catValu>
        <labl>79</labl>
      </catgry>
      <catgry>
        <catValu>80</catValu>
        <labl>80</labl>
      </catgry>
      <catgry>
        <catValu>81</catValu>
        <labl>81</labl>
      </catgry>
      <catgry>
        <catValu>82</catValu>
        <labl>82</labl>
      </catgry>
      <catgry>
        <catValu>83</catValu>
        <labl>83</labl>
      </catgry>
      <catgry>
        <catValu>84</catValu>
        <labl>84</labl>
      </catgry>
      <catgry>
        <catValu>85</catValu>
        <labl>85</labl>
      </catgry>
      <catgry>
        <catValu>86</catValu>
        <labl>86</labl>
      </catgry>
      <catgry>
        <catValu>87</catValu>
        <labl>87</labl>
      </catgry>
      <catgry>
        <catValu>88</catValu>
        <labl>88</labl>
      </catgry>
      <catgry>
        <catValu>89</catValu>
        <labl>89</labl>
      </catgry>
      <catgry>
        <catValu>90</catValu>
        <labl>90 (90+, 1988-2002)</labl>
      </catgry>
      <catgry>
        <catValu>91</catValu>
        <labl>91</labl>
      </catgry>
      <catgry>
        <catValu>92</catValu>
        <labl>92</labl>
      </catgry>
      <catgry>
        <catValu>93</catValu>
        <labl>93</labl>
      </catgry>
      <catgry>
        <catValu>94</catValu>
        <labl>94</labl>
      </catgry>
      <catgry>
        <catValu>95</catValu>
        <labl>95</labl>
      </catgry>
      <catgry>
        <catValu>96</catValu>
        <labl>96</labl>
      </catgry>
      <catgry>
        <catValu>97</catValu>
        <labl>97</labl>
      </catgry>
      <catgry>
        <catValu>98</catValu>
        <labl>98</labl>
      </catgry>
      <catgry>
        <catValu>99</catValu>
        <labl>99+</labl>
      </catgry>
      <concept vocab="IPUMS">Demographics Variables -- PERSON</concept>
      <varFormat schema="other" type="numeric"/>
      <notes>Case selections:  16 16, 17 17, 18 18, 19 19, 20 20, 21 21, 22 22, 23 23, 24 24, 25 25, 26 26, 27 27, 28 28, 29 29, 30 30, 31 31, 32 32, 33 33, 34 34, 35 35, 36 36, 37 37, 38 38, 39 39, 40 40, 41 41, 42 42, 43 43, 44 44, 45 45, 46 46, 47 47, 48 48, 49 49, 50 50, 51 51, 52 52, 53 53, 54 54, 55 55, 56 56, 57 57, 58 58, 59 59, 60 60, 61 61, 62 62, 63 63, 64 64, 65 65, 66 66, 67 67, 68 68, 69 69, 70 70, 71 71, 72 72, 73 73, 74 74, 75 75, 76 76, 77 77, 78 78, 79 79, 80 (80 years and older, 2002-2003, 80-84 years old, 2004-2006), 81 81, 82 82, 83 83, 84 84, 85 (85 years and older, 2004-2006), 86 86, 87 87, 88 88, 89 89, 90 (90 years and older, 1988-2001), 91 91, 92 92, 93 93, 94 94, 95 95, 96 96, 97 97, 98 98, 99 (99 years and older, 1962-1975)</notes>
    </var>
    <var ID="SEX" files="ExtractData" name="SEX" intrvl="discrete" dcml="0">
      <location StartPos="92" width="1" EndPos="92"/>
      <labl>Sex</labl>
      <txt><![CDATA[SEX gives each person's sex.]]></txt>
      <catgry>
        <catValu>9</catValu>
        <labl>NIU</labl>
      </catgry>
      <catgry>
        <catValu>1</catValu>
        <labl>Male</labl>
      </catgry>
      <catgry>
        <catValu>2</catValu>
        <labl>Female</labl>
      </catgry>
      <concept vocab="IPUMS">Demographics Variables -- PERSON</concept>
      <varFormat schema="other" type="numeric"/>
    </var>
    <var ID="RACE" files="ExtractData" name="RACE" intrvl="discrete" dcml="0">
      <location StartPos="93" width="3" EndPos="95"/>
      <labl>Race</labl>
      <txt><![CDATA[Racial categories in the CPS have been more consistent than racial categories in the census.  Up through 2002, the number of race categories ranged from 3 (white, negro, and other) to 5 (white, black, American Indian/Eskimo/Aleut, Asian or Pacific Islander, and other).   Beginning in 2003, respondents could report more than one race, and the number of codes rose to 21, and then up to 26 codes in 2013.]]></txt>
      <catgry>
        <catValu>999</catValu>
        <labl>Blank</labl>
      </catgry>
      <catgry>
        <catValu>820</catValu>
        <labl>Two or three races, unspecified</labl>
      </catgry>
      <catgry>
        <catValu>830</catValu>
        <labl>Four or five races, unspecified</labl>
      </catgry>
      <catgry>
        <catValu>819</catValu>
        <labl>White-American Indian-Asian-Hawaiian/Pacific Islander</labl>
      </catgry>
      <catgry>
        <catValu>804</catValu>
        <labl>White-Hawaiian/Pacific Islander</labl>
      </catgry>
      <catgry>
        <catValu>805</catValu>
        <labl>Black-American Indian</labl>
      </catgry>
      <catgry>
        <catValu>806</catValu>
        <labl>Black-Asian</labl>
      </catgry>
      <catgry>
        <catValu>807</catValu>
        <labl>Black-Hawaiian/Pacific Islander</labl>
      </catgry>
      <catgry>
        <catValu>808</catValu>
        <labl>American Indian-Asian</labl>
      </catgry>
      <catgry>
        <catValu>809</catValu>
        <labl>Asian-Hawaiian/Pacific Islander</labl>
      </catgry>
      <catgry>
        <catValu>810</catValu>
        <labl>White-Black-American Indian</labl>
      </catgry>
      <catgry>
        <catValu>811</catValu>
        <labl>White-Black-Asian</labl>
      </catgry>
      <catgry>
        <catValu>812</catValu>
        <labl>White-American Indian-Asian</labl>
      </catgry>
      <catgry>
        <catValu>813</catValu>
        <labl>White-Asian-Hawaiian/Pacific Islander</labl>
      </catgry>
      <catgry>
        <catValu>814</catValu>
        <labl>White-Black-American Indian-Asian</labl>
      </catgry>
      <catgry>
        <catValu>815</catValu>
        <labl>American Indian-Hawaiian/Pacific Islander</labl>
      </catgry>
      <catgry>
        <catValu>816</catValu>
        <labl>White-Black--Hawaiian/Pacific Islander</labl>
      </catgry>
      <catgry>
        <catValu>817</catValu>
        <labl>White-American Indian-Hawaiian/Pacific Islander</labl>
      </catgry>
      <catgry>
        <catValu>818</catValu>
        <labl>Black-American Indian-Asian</labl>
      </catgry>
      <catgry>
        <catValu>803</catValu>
        <labl>White-Asian</labl>
      </catgry>
      <catgry>
        <catValu>801</catValu>
        <labl>White-Black</labl>
      </catgry>
      <catgry>
        <catValu>802</catValu>
        <labl>White-American Indian</labl>
      </catgry>
      <catgry>
        <catValu>700</catValu>
        <labl>Other (single) race, n.e.c.</labl>
      </catgry>
      <catgry>
        <catValu>651</catValu>
        <labl>Asian only</labl>
      </catgry>
      <catgry>
        <catValu>652</catValu>
        <labl>Hawaiian/Pacific Islander only</labl>
      </catgry>
      <catgry>
        <catValu>650</catValu>
        <labl>Asian or Pacific Islander</labl>
      </catgry>
      <catgry>
        <catValu>200</catValu>
        <labl>Black/Negro</labl>
      </catgry>
      <catgry>
        <catValu>300</catValu>
        <labl>American Indian/Aleut/Eskimo</labl>
      </catgry>
      <catgry>
        <catValu>100</catValu>
        <labl>White</labl>
      </catgry>
      <concept vocab="IPUMS">Demographics Variables -- PERSON</concept>
      <varFormat schema="other" type="numeric"/>
    </var>
    <var ID="EMPSTAT" files="ExtractData" name="EMPSTAT" intrvl="discrete" dcml="0">
      <location StartPos="96" width="2" EndPos="97"/>
      <labl>Employment status</labl>
      <txt><![CDATA[EMPSTAT indicates whether persons were part of the labor force--working or seeking work--and, if so, whether they were currently unemployed.  The variable also provides information on the activity (e.g., doing housework, attending school,) or status (e.g., retired, unable to work) of persons not in the labor force, as well as limited additional information on those who are in the labor force (e.g. members of the Armed Forces, those with a job, but not at work last week).  See LABFORCE for a dichotomous variable identifying whether a person participated in the labor force.

In the CPS, individuals' employment status was determined on the basis of answers to a series of questions relating to their activities during the preceding week.  Those who reported doing any work at all for pay or profit, or working at least fifteen hours without pay in a family business or farm, were classified as "at work."  Those who did not work during the previous week but who acknowledged having a job or business from which they were temporarily absent (e.g., due to illness, vacation, bad weather, or labor dispute) were also classified as employed, under the heading "has job, not at work last week."  

Because the CPS is designed to measure unemployment in the civilian population, the original employment status variable in the survey classifies members of the armed forces as NIU (Not in universe).

Unemployed persons make up the third element of the labor force.  Individuals were coded as unemployed if they did no work for pay or profit, did not have a job from which they were briefly absent, and either reported looking for work as their major activity during the previous week (for 1962 through 1993) or answered yes to a question about whether they had been looking for work in the past four weeks.  People who were temporarily laid off from a job were also classified as unemployed.   A separate CPS variable specifying whether an unemployed person had worked before or was looking for a first job was used to distinguish between "experienced" and "inexperienced" unemployed persons in IPUMS-CPS.

Persons who were neither employed nor unemployed fall into the residual category, "not in labor force."  Such individuals might be retired, disabled due to an illness lasting at least 6 months, occupied with other activities such as attending school or keeping house, or convinced that they are unlikely to find employment (discouraged workers).]]></txt>
      <catgry>
        <catValu>00</catValu>
        <labl>NIU</labl>
      </catgry>
      <catgry>
        <catValu>01</catValu>
        <labl>Armed Forces</labl>
      </catgry>
      <catgry>
        <catValu>10</catValu>
        <labl>At work</labl>
      </catgry>
      <catgry>
        <catValu>12</catValu>
        <labl>Has job, not at work last week</labl>
      </catgry>
      <catgry>
        <catValu>20</catValu>
        <labl>Unemployed</labl>
      </catgry>
      <catgry>
        <catValu>21</catValu>
        <labl>Unemployed, experienced worker</labl>
      </catgry>
      <catgry>
        <catValu>22</catValu>
        <labl>Unemployed, new worker</labl>
      </catgry>
      <catgry>
        <catValu>30</catValu>
        <labl>Not in labor force</labl>
      </catgry>
      <catgry>
        <catValu>31</catValu>
        <labl>NILF, housework</labl>
      </catgry>
      <catgry>
        <catValu>32</catValu>
        <labl>NILF, unable to work</labl>
      </catgry>
      <catgry>
        <catValu>33</catValu>
        <labl>NILF, school</labl>
      </catgry>
      <catgry>
        <catValu>34</catValu>
        <labl>NILF, other</labl>
      </catgry>
      <catgry>
        <catValu>35</catValu>
        <labl>NILF, unpaid, lt 15 hours</labl>
      </catgry>
      <catgry>
        <catValu>36</catValu>
        <labl>NILF, retired</labl>
      </catgry>
      <concept vocab="IPUMS">Work Variables -- PERSON</concept>
      <varFormat schema="other" type="numeric"/>
    </var>
    <var ID="LABFORCE" files="ExtractData" name="LABFORCE" intrvl="discrete" dcml="0">
      <location StartPos="98" width="1" EndPos="98"/>
      <labl>Labor force status</labl>
      <txt><![CDATA[LABFORCE is a dichotomous variable indicating whether the respondent participated in the labor force during the preceding week.  See EMPSTAT for a more detailed employment status variable.   Those coded as "yes" in LABFORCE were either: were at work; held a job but were temporarily absent from work due to factors like vacation or illness; were seeking work; or were temporarily laid off from a job during the reference period.  

Because the CPS is designed to measure unemployment in the civilian population, the original dichotomous employment status variable in the survey classifies members of the armed forces as NIU (Not in universe).]]></txt>
      <catgry>
        <catValu>2</catValu>
        <labl>Yes, in the labor force</labl>
      </catgry>
      <catgry>
        <catValu>1</catValu>
        <labl>No, not in the labor force</labl>
      </catgry>
      <catgry>
        <catValu>0</catValu>
        <labl>NIU</labl>
      </catgry>
      <concept vocab="IPUMS">Work Variables -- PERSON</concept>
      <varFormat schema="other" type="numeric"/>
    </var>
    <var ID="IND1950" files="ExtractData" name="IND1950" intrvl="discrete" dcml="0">
      <location StartPos="99" width="3" EndPos="101"/>
      <labl>Industry, 1950 basis</labl>
      <txt><![CDATA[IND1950 recodes information contained in the variable IND into the 1950 Census Bureau industrial classification system.  Developed to enhance the comparability of industry data in historical U.S. census samples in IPUMS-USA, IND1950 also provides a consistent set of industry codes for IPUMS-CPS from 1968 forward.

For general discussion of the IND1950 variable, users should consult the IPUMS-USA documentation.  For discussion of the CPS data on industry that are recoded into IND1950, see IND.]]></txt>
      <catgry>
        <catValu>000</catValu>
        <labl>NIU</labl>
      </catgry>
      <catgry>
        <catValu>105</catValu>
        <labl>Agriculture</labl>
      </catgry>
      <catgry>
        <catValu>116</catValu>
        <labl>Forestry</labl>
      </catgry>
      <catgry>
        <catValu>126</catValu>
        <labl>Fisheries</labl>
      </catgry>
      <catgry>
        <catValu>206</catValu>
        <labl>Metal mining</labl>
      </catgry>
      <catgry>
        <catValu>216</catValu>
        <labl>Coal mining</labl>
      </catgry>
      <catgry>
        <catValu>226</catValu>
        <labl>Crude petroleum and natural gas extraction</labl>
      </catgry>
      <catgry>
        <catValu>236</catValu>
        <labl>Nonmetallic mining and quarrying, except fuel</labl>
      </catgry>
      <catgry>
        <catValu>246</catValu>
        <labl>Construction</labl>
      </catgry>
      <catgry>
        <catValu>306</catValu>
        <labl>Logging</labl>
      </catgry>
      <catgry>
        <catValu>307</catValu>
        <labl>Sawmills, planing mills, and millwork</labl>
      </catgry>
      <catgry>
        <catValu>308</catValu>
        <labl>Misc wood products</labl>
      </catgry>
      <catgry>
        <catValu>309</catValu>
        <labl>Furniture and fixtures</labl>
      </catgry>
      <catgry>
        <catValu>316</catValu>
        <labl>Glass and glass products</labl>
      </catgry>
      <catgry>
        <catValu>317</catValu>
        <labl>Cement, concrete, gypsum and plaster products</labl>
      </catgry>
      <catgry>
        <catValu>318</catValu>
        <labl>Structural clay products</labl>
      </catgry>
      <catgry>
        <catValu>319</catValu>
        <labl>Pottery and related products</labl>
      </catgry>
      <catgry>
        <catValu>326</catValu>
        <labl>Miscellaneous nonmetallic mineral and stone products</labl>
      </catgry>
      <catgry>
        <catValu>336</catValu>
        <labl>Blast furnaces, steel works, and rolling mills</labl>
      </catgry>
      <catgry>
        <catValu>337</catValu>
        <labl>Other primary iron and steel industries</labl>
      </catgry>
      <catgry>
        <catValu>338</catValu>
        <labl>Primary nonferrous industries</labl>
      </catgry>
      <catgry>
        <catValu>346</catValu>
        <labl>Fabricated steel products</labl>
      </catgry>
      <catgry>
        <catValu>347</catValu>
        <labl>Fabricated nonferrous metal products</labl>
      </catgry>
      <catgry>
        <catValu>348</catValu>
        <labl>Not specified metal industries</labl>
      </catgry>
      <catgry>
        <catValu>356</catValu>
        <labl>Agricultural machinery and tractors</labl>
      </catgry>
      <catgry>
        <catValu>357</catValu>
        <labl>Office and store machines and devices</labl>
      </catgry>
      <catgry>
        <catValu>358</catValu>
        <labl>Miscellaneous machinery</labl>
      </catgry>
      <catgry>
        <catValu>367</catValu>
        <labl>Electrical machinery, equipment, and supplies</labl>
      </catgry>
      <catgry>
        <catValu>376</catValu>
        <labl>Motor vehicles and motor vehicle equipment</labl>
      </catgry>
      <catgry>
        <catValu>377</catValu>
        <labl>Aircraft and parts</labl>
      </catgry>
      <catgry>
        <catValu>378</catValu>
        <labl>Ship and boat building and repairing</labl>
      </catgry>
      <catgry>
        <catValu>379</catValu>
        <labl>Railroad and miscellaneous transportation equipment</labl>
      </catgry>
      <catgry>
        <catValu>386</catValu>
        <labl>Professional equipment and supplies</labl>
      </catgry>
      <catgry>
        <catValu>387</catValu>
        <labl>Photographic equipment and supplies</labl>
      </catgry>
      <catgry>
        <catValu>388</catValu>
        <labl>Watches, clocks, and clockwork-operated devices</labl>
      </catgry>
      <catgry>
        <catValu>399</catValu>
        <labl>Miscellaneous manufacturing industries</labl>
      </catgry>
      <catgry>
        <catValu>406</catValu>
        <labl>Meat products</labl>
      </catgry>
      <catgry>
        <catValu>407</catValu>
        <labl>Dairy products</labl>
      </catgry>
      <catgry>
        <catValu>408</catValu>
        <labl>Canning and preserving fruits, vegetables, and seafoods</labl>
      </catgry>
      <catgry>
        <catValu>409</catValu>
        <labl>Grain-mill products</labl>
      </catgry>
      <catgry>
        <catValu>416</catValu>
        <labl>Bakery products</labl>
      </catgry>
      <catgry>
        <catValu>417</catValu>
        <labl>Confectionery and related products</labl>
      </catgry>
      <catgry>
        <catValu>418</catValu>
        <labl>Beverage industries</labl>
      </catgry>
      <catgry>
        <catValu>419</catValu>
        <labl>Miscellaneous food preparations and kindred products</labl>
      </catgry>
      <catgry>
        <catValu>426</catValu>
        <labl>Not specified food industries</labl>
      </catgry>
      <catgry>
        <catValu>429</catValu>
        <labl>Tobacco manufactures</labl>
      </catgry>
      <catgry>
        <catValu>436</catValu>
        <labl>Knitting mills</labl>
      </catgry>
      <catgry>
        <catValu>437</catValu>
        <labl>Dyeing and finishing textiles, except knit goods</labl>
      </catgry>
      <catgry>
        <catValu>438</catValu>
        <labl>Carpets, rugs, and other floor coverings</labl>
      </catgry>
      <catgry>
        <catValu>439</catValu>
        <labl>Yarn, thread, and fabric mills</labl>
      </catgry>
      <catgry>
        <catValu>446</catValu>
        <labl>Miscellaneous textile mill products</labl>
      </catgry>
      <catgry>
        <catValu>448</catValu>
        <labl>Apparel and accessories</labl>
      </catgry>
      <catgry>
        <catValu>449</catValu>
        <labl>Miscellaneous fabricated textile products</labl>
      </catgry>
      <catgry>
        <catValu>456</catValu>
        <labl>Pulp, paper, and paperboard mills</labl>
      </catgry>
      <catgry>
        <catValu>457</catValu>
        <labl>Paperboard containers and boxes</labl>
      </catgry>
      <catgry>
        <catValu>458</catValu>
        <labl>Miscellaneous paper and pulp products</labl>
      </catgry>
      <catgry>
        <catValu>459</catValu>
        <labl>Printing, publishing, and allied industries</labl>
      </catgry>
      <catgry>
        <catValu>466</catValu>
        <labl>Synthetic fibers</labl>
      </catgry>
      <catgry>
        <catValu>467</catValu>
        <labl>Drugs and medicines</labl>
      </catgry>
      <catgry>
        <catValu>468</catValu>
        <labl>Paints, varnishes, and related products</labl>
      </catgry>
      <catgry>
        <catValu>469</catValu>
        <labl>Miscellaneous chemicals and allied products</labl>
      </catgry>
      <catgry>
        <catValu>476</catValu>
        <labl>Petroleum refining</labl>
      </catgry>
      <catgry>
        <catValu>477</catValu>
        <labl>Miscellaneous petroleum and coal products</labl>
      </catgry>
      <catgry>
        <catValu>478</catValu>
        <labl>Rubber products</labl>
      </catgry>
      <catgry>
        <catValu>487</catValu>
        <labl>Leather: tanned, curried, and finished</labl>
      </catgry>
      <catgry>
        <catValu>488</catValu>
        <labl>Footwear, except rubber</labl>
      </catgry>
      <catgry>
        <catValu>489</catValu>
        <labl>Leather products, except footwear</labl>
      </catgry>
      <catgry>
        <catValu>499</catValu>
        <labl>Not specified manufacturing industries</labl>
      </catgry>
      <catgry>
        <catValu>506</catValu>
        <labl>Railroads and railway express service</labl>
      </catgry>
      <catgry>
        <catValu>516</catValu>
        <labl>Street railways and bus lines</labl>
      </catgry>
      <catgry>
        <catValu>526</catValu>
        <labl>Trucking service</labl>
      </catgry>
      <catgry>
        <catValu>527</catValu>
        <labl>Warehousing and storage</labl>
      </catgry>
      <catgry>
        <catValu>536</catValu>
        <labl>Taxicab service</labl>
      </catgry>
      <catgry>
        <catValu>546</catValu>
        <labl>Water transportation</labl>
      </catgry>
      <catgry>
        <catValu>556</catValu>
        <labl>Air transportation</labl>
      </catgry>
      <catgry>
        <catValu>567</catValu>
        <labl>Petroleum and gasoline pipe lines</labl>
      </catgry>
      <catgry>
        <catValu>568</catValu>
        <labl>Services incidental to transportation</labl>
      </catgry>
      <catgry>
        <catValu>578</catValu>
        <labl>Telephone</labl>
      </catgry>
      <catgry>
        <catValu>579</catValu>
        <labl>Telegraph</labl>
      </catgry>
      <catgry>
        <catValu>586</catValu>
        <labl>Electric light and power</labl>
      </catgry>
      <catgry>
        <catValu>587</catValu>
        <labl>Gas and steam supply systems</labl>
      </catgry>
      <catgry>
        <catValu>588</catValu>
        <labl>Electric-gas utilities</labl>
      </catgry>
      <catgry>
        <catValu>596</catValu>
        <labl>Water supply</labl>
      </catgry>
      <catgry>
        <catValu>597</catValu>
        <labl>Sanitary services</labl>
      </catgry>
      <catgry>
        <catValu>598</catValu>
        <labl>Other and not specified utilities</labl>
      </catgry>
      <catgry>
        <catValu>606</catValu>
        <labl>Motor vehicles and equipment</labl>
      </catgry>
      <catgry>
        <catValu>607</catValu>
        <labl>Drugs, chemicals, and allied products</labl>
      </catgry>
      <catgry>
        <catValu>608</catValu>
        <labl>Dry goods apparel</labl>
      </catgry>
      <catgry>
        <catValu>609</catValu>
        <labl>Food and related products</labl>
      </catgry>
      <catgry>
        <catValu>616</catValu>
        <labl>Electrical goods, hardware, and plumbing equipment</labl>
      </catgry>
      <catgry>
        <catValu>617</catValu>
        <labl>Machinery, equipment, and supplies</labl>
      </catgry>
      <catgry>
        <catValu>618</catValu>
        <labl>Petroleum products</labl>
      </catgry>
      <catgry>
        <catValu>619</catValu>
        <labl>Farm products--raw materials</labl>
      </catgry>
      <catgry>
        <catValu>626</catValu>
        <labl>Miscellaneous wholesale trade</labl>
      </catgry>
      <catgry>
        <catValu>627</catValu>
        <labl>Not specified wholesale trade</labl>
      </catgry>
      <catgry>
        <catValu>636</catValu>
        <labl>Food stores, except dairy products</labl>
      </catgry>
      <catgry>
        <catValu>637</catValu>
        <labl>Dairy products stores and milk retailing</labl>
      </catgry>
      <catgry>
        <catValu>646</catValu>
        <labl>General merchandise stores</labl>
      </catgry>
      <catgry>
        <catValu>647</catValu>
        <labl>Five and ten cent stores</labl>
      </catgry>
      <catgry>
        <catValu>656</catValu>
        <labl>Apparel and accessories stores, except shoe</labl>
      </catgry>
      <catgry>
        <catValu>657</catValu>
        <labl>Shoe stores</labl>
      </catgry>
      <catgry>
        <catValu>658</catValu>
        <labl>Furniture and house furnishing stores</labl>
      </catgry>
      <catgry>
        <catValu>659</catValu>
        <labl>Household appliance and radio stores</labl>
      </catgry>
      <catgry>
        <catValu>667</catValu>
        <labl>Motor vehicles and accessories retailing</labl>
      </catgry>
      <catgry>
        <catValu>668</catValu>
        <labl>Gasoline service stations</labl>
      </catgry>
      <catgry>
        <catValu>669</catValu>
        <labl>Drug stores</labl>
      </catgry>
      <catgry>
        <catValu>679</catValu>
        <labl>Eating and drinking places</labl>
      </catgry>
      <catgry>
        <catValu>686</catValu>
        <labl>Hardware and farm implement stores</labl>
      </catgry>
      <catgry>
        <catValu>687</catValu>
        <labl>Lumber and building material retailing</labl>
      </catgry>
      <catgry>
        <catValu>688</catValu>
        <labl>Liquor stores</labl>
      </catgry>
      <catgry>
        <catValu>689</catValu>
        <labl>Retail florists</labl>
      </catgry>
      <catgry>
        <catValu>696</catValu>
        <labl>Jewelry stores</labl>
      </catgry>
      <catgry>
        <catValu>697</catValu>
        <labl>Fuel and ice retailing</labl>
      </catgry>
      <catgry>
        <catValu>698</catValu>
        <labl>Miscellaneous retail stores</labl>
      </catgry>
      <catgry>
        <catValu>699</catValu>
        <labl>Not specified retail trade</labl>
      </catgry>
      <catgry>
        <catValu>716</catValu>
        <labl>Banking and credit agencies</labl>
      </catgry>
      <catgry>
        <catValu>726</catValu>
        <labl>Security and commodity brokerage and investment companies</labl>
      </catgry>
      <catgry>
        <catValu>736</catValu>
        <labl>Insurance</labl>
      </catgry>
      <catgry>
        <catValu>746</catValu>
        <labl>Real estate</labl>
      </catgry>
      <catgry>
        <catValu>806</catValu>
        <labl>Advertising</labl>
      </catgry>
      <catgry>
        <catValu>807</catValu>
        <labl>Accounting, auditing, and bookkeeping services</labl>
      </catgry>
      <catgry>
        <catValu>808</catValu>
        <labl>Miscellaneous business services</labl>
      </catgry>
      <catgry>
        <catValu>816</catValu>
        <labl>Auto repair services and garages</labl>
      </catgry>
      <catgry>
        <catValu>817</catValu>
        <labl>Miscellaneous repair services</labl>
      </catgry>
      <catgry>
        <catValu>826</catValu>
        <labl>Private households</labl>
      </catgry>
      <catgry>
        <catValu>836</catValu>
        <labl>Hotels and lodging places</labl>
      </catgry>
      <catgry>
        <catValu>846</catValu>
        <labl>Laundering, cleaning, and dyeing services</labl>
      </catgry>
      <catgry>
        <catValu>847</catValu>
        <labl>Dressmaking shops</labl>
      </catgry>
      <catgry>
        <catValu>848</catValu>
        <labl>Shoe repair shops</labl>
      </catgry>
      <catgry>
        <catValu>849</catValu>
        <labl>Miscellaneous personal services</labl>
      </catgry>
      <catgry>
        <catValu>856</catValu>
        <labl>Radio broadcasting and television</labl>
      </catgry>
      <catgry>
        <catValu>857</catValu>
        <labl>Theaters and motion pictures</labl>
      </catgry>
      <catgry>
        <catValu>858</catValu>
        <labl>Bowling alleys, and billiard and pool parlors</labl>
      </catgry>
      <catgry>
        <catValu>859</catValu>
        <labl>Miscellaneous entertainment and recreation services</labl>
      </catgry>
      <catgry>
        <catValu>868</catValu>
        <labl>Medical and other health services, except hospitals</labl>
      </catgry>
      <catgry>
        <catValu>869</catValu>
        <labl>Hospitals</labl>
      </catgry>
      <catgry>
        <catValu>879</catValu>
        <labl>Legal services</labl>
      </catgry>
      <catgry>
        <catValu>888</catValu>
        <labl>Educational services</labl>
      </catgry>
      <catgry>
        <catValu>896</catValu>
        <labl>Welfare and religious services</labl>
      </catgry>
      <catgry>
        <catValu>897</catValu>
        <labl>Nonprofit membership organizations</labl>
      </catgry>
      <catgry>
        <catValu>898</catValu>
        <labl>Engineering and architectural services</labl>
      </catgry>
      <catgry>
        <catValu>899</catValu>
        <labl>Miscellaneous professional and related services</labl>
      </catgry>
      <catgry>
        <catValu>906</catValu>
        <labl>Postal service</labl>
      </catgry>
      <catgry>
        <catValu>916</catValu>
        <labl>Federal public administration</labl>
      </catgry>
      <catgry>
        <catValu>926</catValu>
        <labl>State public administration</labl>
      </catgry>
      <catgry>
        <catValu>936</catValu>
        <labl>Local public administration</labl>
      </catgry>
      <catgry>
        <catValu>997</catValu>
        <labl>Nonclassifiable</labl>
      </catgry>
      <catgry>
        <catValu>998</catValu>
        <labl>Industry not reported</labl>
      </catgry>
      <concept vocab="IPUMS">Work Variables -- PERSON</concept>
      <varFormat schema="other" type="numeric"/>
    </var>
    <var ID="UHRSWORKT" files="ExtractData" name="UHRSWORKT" intrvl="discrete" dcml="0">
      <location StartPos="102" width="3" EndPos="104"/>
      <labl>Hours usually worked per week at all jobs</labl>
      <txt><![CDATA[UHRSWORKT is the usual number of hours per week the respondent reports being at all jobs, over an unspecified time period.

See the Hours Worked Variables Notes [URL omitted from DDI.] for an overview of the different actual and usual hours worked variables available.]]></txt>
      <catgry>
        <catValu>997</catValu>
        <labl>Hours vary</labl>
      </catgry>
      <catgry>
        <catValu>999</catValu>
        <labl>NIU</labl>
      </catgry>
      <concept vocab="IPUMS">Work Variables -- PERSON</concept>
      <varFormat schema="other" type="numeric"/>
    </var>
    <var ID="WKSTAT" files="ExtractData" name="WKSTAT" intrvl="discrete" dcml="0">
      <location StartPos="105" width="2" EndPos="106"/>
      <labl>Full or part time status</labl>
      <txt><![CDATA[WKSTAT is a recode from the Census Bureau that states the part-time or full-time employment status for the respondent, and reasons.  It is derived from a number of labor force questions asked in the monthly questionnaire.]]></txt>
      <catgry>
        <catValu>10</catValu>
        <labl>Full-time schedules</labl>
      </catgry>
      <catgry>
        <catValu>11</catValu>
        <labl>Full-time hours (35+), usually full-time</labl>
      </catgry>
      <catgry>
        <catValu>12</catValu>
        <labl>Part-time for non-economic reasons, usually full-time</labl>
      </catgry>
      <catgry>
        <catValu>13</catValu>
        <labl>Not at work, usually full-time</labl>
      </catgry>
      <catgry>
        <catValu>14</catValu>
        <labl>Full-time hours, usually part-time for economic reasons</labl>
      </catgry>
      <catgry>
        <catValu>15</catValu>
        <labl>Full-time hours, usually part-time for non-economic reasons</labl>
      </catgry>
      <catgry>
        <catValu>20</catValu>
        <labl>Part-time for economic reasons</labl>
      </catgry>
      <catgry>
        <catValu>21</catValu>
        <labl>Part-time for economic reasons, usually full-time</labl>
      </catgry>
      <catgry>
        <catValu>22</catValu>
        <labl>Part-time hours, usually part-time for economic reasons</labl>
      </catgry>
      <catgry>
        <catValu>40</catValu>
        <labl>Part-time for non-economic reasons, usually part-time</labl>
      </catgry>
      <catgry>
        <catValu>41</catValu>
        <labl>Part-time hours, usually part-time for non-economic reasons</labl>
      </catgry>
      <catgry>
        <catValu>42</catValu>
        <labl>Not at work, usually part-time</labl>
      </catgry>
      <catgry>
        <catValu>50</catValu>
        <labl>Unemployed, seeking full-time work</labl>
      </catgry>
      <catgry>
        <catValu>60</catValu>
        <labl>Unemployed, seeking part-time work</labl>
      </catgry>
      <catgry>
        <catValu>99</catValu>
        <labl>NIU, blank, or not in labor force</labl>
      </catgry>
      <concept vocab="IPUMS">Work Variables -- PERSON</concept>
      <varFormat schema="other" type="numeric"/>
    </var>
    <var ID="EDUC" files="ExtractData" name="EDUC" intrvl="discrete" dcml="0">
      <location StartPos="107" width="3" EndPos="109"/>
      <labl>Educational attainment recode</labl>
      <txt><![CDATA[EDUC indicates respondents' educational attainment, as measured by the highest year of school or degree completed. Note that completion differs from the highest year of school attendance; for example, respondents who attended 10th grade but did not finish were classified in EDUC as having completed 9th grade. 

EDUC is a combination of two other variables, HIGRADE and EDUC99, which measure educational attainment in different ways.  HIGRADE is available for years prior to 1992 and gives the respondent's highest grade of school or year of college completed.  EDUC99 is available beginning in 1992 and classifies high school graduates according to their highest degree or diploma attained.  

General and detailed codes are not yet available for IPUMS-CPS, but one can construct the general version of EDUC by reading only the first two columns of EDUC.]]></txt>
      <catgry>
        <catValu>021</catValu>
        <labl>Grade 5</labl>
      </catgry>
      <catgry>
        <catValu>022</catValu>
        <labl>Grade 6</labl>
      </catgry>
      <catgry>
        <catValu>999</catValu>
        <labl>Missing/Unknown</labl>
      </catgry>
      <catgry>
        <catValu>125</catValu>
        <labl>Doctorate degree</labl>
      </catgry>
      <catgry>
        <catValu>124</catValu>
        <labl>Professional school degree</labl>
      </catgry>
      <catgry>
        <catValu>122</catValu>
        <labl>6+ years of college</labl>
      </catgry>
      <catgry>
        <catValu>123</catValu>
        <labl>Master's degree</labl>
      </catgry>
      <catgry>
        <catValu>121</catValu>
        <labl>5 years of college</labl>
      </catgry>
      <catgry>
        <catValu>111</catValu>
        <labl>Bachelor's degree</labl>
      </catgry>
      <catgry>
        <catValu>120</catValu>
        <labl>5+ years of college</labl>
      </catgry>
      <catgry>
        <catValu>110</catValu>
        <labl>4 years of college</labl>
      </catgry>
      <catgry>
        <catValu>092</catValu>
        <labl>Associate's degree, academic program</labl>
      </catgry>
      <catgry>
        <catValu>100</catValu>
        <labl>3 years of college</labl>
      </catgry>
      <catgry>
        <catValu>091</catValu>
        <labl>Associate's degree, occupational/vocational program</labl>
      </catgry>
      <catgry>
        <catValu>090</catValu>
        <labl>2 years of college</labl>
      </catgry>
      <catgry>
        <catValu>081</catValu>
        <labl>Some college but no degree</labl>
      </catgry>
      <catgry>
        <catValu>073</catValu>
        <labl>High school diploma or equivalent</labl>
      </catgry>
      <catgry>
        <catValu>080</catValu>
        <labl>1 year of college</labl>
      </catgry>
      <catgry>
        <catValu>072</catValu>
        <labl>12th grade, diploma unclear</labl>
      </catgry>
      <catgry>
        <catValu>071</catValu>
        <labl>12th grade, no diploma</labl>
      </catgry>
      <catgry>
        <catValu>070</catValu>
        <labl>Grade 12</labl>
      </catgry>
      <catgry>
        <catValu>060</catValu>
        <labl>Grade 11</labl>
      </catgry>
      <catgry>
        <catValu>050</catValu>
        <labl>Grade 10</labl>
      </catgry>
      <catgry>
        <catValu>032</catValu>
        <labl>Grade 8</labl>
      </catgry>
      <catgry>
        <catValu>040</catValu>
        <labl>Grade 9</labl>
      </catgry>
      <catgry>
        <catValu>030</catValu>
        <labl>Grades 7 or 8</labl>
      </catgry>
      <catgry>
        <catValu>031</catValu>
        <labl>Grade 7</labl>
      </catgry>
      <catgry>
        <catValu>014</catValu>
        <labl>Grade 4</labl>
      </catgry>
      <catgry>
        <catValu>020</catValu>
        <labl>Grades 5 or 6</labl>
      </catgry>
      <catgry>
        <catValu>013</catValu>
        <labl>Grade 3</labl>
      </catgry>
      <catgry>
        <catValu>011</catValu>
        <labl>Grade 1</labl>
      </catgry>
      <catgry>
        <catValu>012</catValu>
        <labl>Grade 2</labl>
      </catgry>
      <catgry>
        <catValu>010</catValu>
        <labl>Grades 1, 2, 3, or 4</labl>
      </catgry>
      <catgry>
        <catValu>001</catValu>
        <labl>NIU or blank</labl>
      </catgry>
      <catgry>
        <catValu>002</catValu>
        <labl>None or preschool</labl>
      </catgry>
      <catgry>
        <catValu>000</catValu>
        <labl>NIU or no schooling</labl>
      </catgry>
      <concept vocab="IPUMS">Education Variables -- PERSON</concept>
      <varFormat schema="other" type="numeric"/>
    </var>
  </dataDscr>
</codeBook>
